epsilon,Average Cost,Cost variance,Time taken
0.07,1782.63724238831,12143.7253592655,0.653580186
0.08,1828.45695989451,15976.2707018817,0.638488372
0.1,1956.21125153584,42414.8111223816,0.693432064
0.15,2306.88069304413,124474.722458857,0.736693736
0.2,2905.41709297287,507018.269224305,0.74279176
