epsilon,Average Cost,Cost variance,Time taken
4,123.994853952222,2881.16785774501,56.98397618
6,293.250261982868,17736.1152642046,61.70974252
8,478.916432129268,51708.6499504293,64.65443272
10,799.04859204929,130777.035079524,64.93530854
